id,area,series,published,title,listing_url,url,pdf,md,sha256,pages,source_group,raw_passages,kept_passages
expectativas_2024,economia,expectativas,2024-09,"Expectativas Económicas del Sector Privado Jalisciense, 2024 2S",https://iieg.gob.mx/ns/?page_id=55,https://iieg.gob.mx/ns/wp-content/uploads/2024/09/Expectativas-2S-2024.pdf,corpora/iieg_diverso_2023_2025/pdf/expectativas_2024.pdf,corpora/iieg_diverso_2023_2025/md/expectativas_2024.md,4f30e9ef16c71dd7c2688bb1ef5ae1c5a3523e34c27f5e4531f70d279d53f464,99,listing_55,149,149
sector_tic_2023,economia,sector_tic,2023-09,Estudio del Sector TIC de Jalisco 2023,https://iieg.gob.mx/ns/?page_id=55,https://iieg.gob.mx/ns/wp-content/uploads/2023/09/Estudio-Sector-TIC-2023-20230925.pdf,corpora/iieg_diverso_2023_2025/pdf/sector_tic_2023.pdf,corpora/iieg_diverso_2023_2025/md/sector_tic_2023.md,15552b8744b1d6d70ae33953abd717d3b482ae22d42262c2076d012ca018154a,70,listing_55,138,137
proveeduria_automotriz_2024,economia,proveeduria_automotriz,2024-06,Proveeduría del Clúster Automotriz,https://iieg.gob.mx/ns/?page_id=55,https://iieg.gob.mx/ns/wp-content/uploads/2024/06/Proveeduria-Cluster-Automotriz.pdf,corpora/iieg_diverso_2023_2025/pdf/proveeduria_automotriz_2024.pdf,corpora/iieg_diverso_2023_2025/md/proveeduria_automotriz_2024.md,95bd0ffe1a3daed4fda11d5183d5dd8c08889327bfcbc25a908675140881324d,34,listing_55,74,67
boletin_economico_2025,economia,boletin_economico,2025-09,"Boletín Económico IIEG, agosto 2025",https://iieg.gob.mx/ns/?page_id=49,https://iieg.gob.mx/ns/wp-content/uploads/2025/09/boletin_economico_jalisco_IIEG_agosto_2025.pdf,corpora/iieg_diverso_2023_2025/pdf/boletin_economico_2025.pdf,corpora/iieg_diverso_2023_2025/md/boletin_economico_2025.md,920d1efc4880d98fd34f67646158f265b54dc4f1ffdd49b8542fffa87e41f04f,158,listing_49,224,215
estructura_demografica_2024,sociedad,estructura_demografica,2024-08,"Presentación. Estructura Demográfica de la Población Jalisco, 2024-2030",https://iieg.gob.mx/ns/?page_id=41899,https://iieg.gob.mx/ns/wp-content/uploads/2024/08/EstructuraDemogr%C3%A1ficaPoblaci%C3%B3n2024.pdf,corpora/iieg_diverso_2023_2025/pdf/estructura_demografica_2024.pdf,corpora/iieg_diverso_2023_2025/md/estructura_demografica_2024.md,39d0a916a23870c266dea58ebcd861b1d5a37277600fe8c8548c8481c40f6ab6,52,listing_41899,44,44
endutih_2024,sociedad,endutih,2025-07,Principales Resultados de la Encuesta Nacional sobre Disponibilidad y Uso de Tecnologías de la Información en los Hogares (ENDUTIH) 2024 en Jalisco,https://iieg.gob.mx/ns/?page_id=902,https://iieg.gob.mx/ns/wp-content/uploads/2025/07/ficha_principales-_resutlados_ENDUTIH_jalisco_2024.pdf,corpora/iieg_diverso_2023_2025/pdf/endutih_2024.pdf,corpora/iieg_diverso_2023_2025/md/endutih_2024.md,48f09e16167f67f5f579d41d7d276d770da34b3dce540812396386b83d884ee3,12,listing_902,21,21
trayectorias_docentes_2024,sociedad,trayectorias_docentes,2024-05,Resultados del sondeo,https://iieg.gob.mx/ns/?page_id=12219,https://iieg.gob.mx/ns/wp-content/uploads/2024/05/Resultados_EncuestaTrayectoriasDocentes.pdf,corpora/iieg_diverso_2023_2025/pdf/trayectorias_docentes_2024.pdf,corpora/iieg_diverso_2023_2025/md/trayectorias_docentes_2024.md,8a7e4194f26608552a1d834f75b9455ed45b35f409fba97f748dfdb85a947d79,55,listing_12219,34,34
inclusion_financiera_2024,sociedad,inclusion_financiera,2024-11,"Encuesta inclusión financiera, 2024",https://iieg.gob.mx/ns/?page_id=55,https://iieg.gob.mx/ns/wp-content/uploads/2024/11/inclusi%C3%B3n-financiera-2024.pdf,corpora/iieg_diverso_2023_2025/pdf/inclusion_financiera_2024.pdf,corpora/iieg_diverso_2023_2025/md/inclusion_financiera_2024.md,59c691bb7e3bd519ff96b612ccea15cc6f0734cf4a5b364d08e95c3a66b5223d,34,listing_55,54,53
ordenamientos_2024,geografia_ambiente,ordenamientos,2024-02,"Análisis de los Ordenamientos Paisaje Agavero, Chapala, Costalegre y Tapalpa.",https://iieg.gob.mx/ns/?page_id=148,https://iieg.gob.mx/ns/wp-content/uploads/2024/02/Ordenamientos.pdf,corpora/iieg_diverso_2023_2025/pdf/ordenamientos_2024.pdf,corpora/iieg_diverso_2023_2025/md/ordenamientos_2024.md,881650ceea289525151a6d431794cd14b77e35739f8d9fa9b3ade9b74297c7a4,32,listing_148,33,32
accesibilidad_2024,geografia_ambiente,accesibilidad,2024-11,"Índice de Accesibilidad Geográfica Potencial para Lagos de Moreno, Jalisco",https://iieg.gob.mx/ns/?page_id=176,https://iieg.gob.mx/ns/wp-content/uploads/2024/11/%C3%8Dndice-de-Accesibilidad-Geogr%C3%A1fica-Potencial.pdf,corpora/iieg_diverso_2023_2025/pdf/accesibilidad_2024.pdf,corpora/iieg_diverso_2023_2025/md/accesibilidad_2024.md,0f1ee6e0d34b8980e475e468ff4798dd6183a0770a917b41c7ea5e9c9b3d356a,39,listing_176,61,61
manual_accesibilidad_2024,geografia_ambiente,manual_accesibilidad,2024-11,Manual para análisis de accesibilidad a los centros de salud,https://iieg.gob.mx/ns/?page_id=176,https://iieg.gob.mx/ns/wp-content/uploads/2024/11/Manual-para-an%C3%A1lisis-de-accesibilidad-a-los-centros-de-salud.pdf,corpora/iieg_diverso_2023_2025/pdf/manual_accesibilidad_2024.pdf,corpora/iieg_diverso_2023_2025/md/manual_accesibilidad_2024.md,1ee43fa1471d212e1bb38221eeb49da34c90c6db8c0a15c28269f3c75de0c9b8,8,listing_176,3,3
analisis_sequia_2024,geografia_ambiente,sequia_nddi,2024-06,"Análisis de la sequía en Jalisco por medio del cálculo del Índice de Sequía de Diferencia Normalizada (NDDI), 2015 – 2020",https://iieg.gob.mx/ns/?page_id=152,https://iieg.gob.mx/ns/wp-content/uploads/2024/06/An%C3%A1lisis-de-la-sequ%C3%ADa-en-Jalisco-por-medio-del-c%C3%A1lculo-del-%C3%8Dndice-de-Sequ%C3%ADa-de-Diferencia-Normalizada-NDDI-2015-%E2%80%93-2020.pdf,corpora/iieg_diverso_2023_2025/pdf/analisis_sequia_2024.pdf,corpora/iieg_diverso_2023_2025/md/analisis_sequia_2024.md,8ac72864376509fb03e114a9bee6b18d973120a4494c6661280ec0ba4fd0530c,13,listing_152,27,27
encig_2023,gobierno_seguridad,encig,2024-03,Encuesta Nacional de Calidad e Impacto Gubernamental (ENCIG) Principales resultados para Jalisco – 2023,https://iieg.gob.mx/ns/?page_id=25185,https://iieg.gob.mx/ns/wp-content/uploads/2024/03/ENCIG_2023.pdf,corpora/iieg_diverso_2023_2025/pdf/encig_2023.pdf,corpora/iieg_diverso_2023_2025/md/encig_2023.md,781c5dce15bd865ee6ba8cbf52420e90d0b8e412a8eaed695310ae3e7243a2af,49,listing_25185,62,62
envipe_2024,gobierno_seguridad,envipe,2024-09,Encuesta Nacional de Victimización y Percepción sobre Seguridad Pública (ENVIPE) – 2024,https://iieg.gob.mx/ns/?page_id=25243,https://iieg.gob.mx/ns/wp-content/uploads/2024/09/Jalisco_Reporte-de-victimizacio%CC%81n_2024.pdf,corpora/iieg_diverso_2023_2025/pdf/envipe_2024.pdf,corpora/iieg_diverso_2023_2025/md/envipe_2024.md,44e5befb5f15dd30fa6a89091522ff46bd23e8c1cff993c97f539ee54b64dff6,15,listing_25243,27,27
cnge_2024,gobierno_seguridad,cnge,2024-12,Censo Nacional de Gobiernos Estatales – 2024,https://iieg.gob.mx/ns/?page_id=25251,https://iieg.gob.mx/ns/wp-content/uploads/2024/12/CNGE-2024.pdf,corpora/iieg_diverso_2023_2025/pdf/cnge_2024.pdf,corpora/iieg_diverso_2023_2025/md/cnge_2024.md,6a959364e7cc3061d2f1c207ce32a47c5d4b3cf5c4bb265ada7630d244cfe2f5,10,listing_25251,15,15
derechos_humanos_2024,gobierno_seguridad,censo_derechos_humanos,2025-01,Censo Nacional de Derechos Humanos Estatal – 2024,https://iieg.gob.mx/ns/?page_id=25263,https://iieg.gob.mx/ns/wp-content/uploads/2025/01/censo_nacional_derechos_humanos_estatal_jalisco2024.pdf,corpora/iieg_diverso_2023_2025/pdf/derechos_humanos_2024.pdf,corpora/iieg_diverso_2023_2025/md/derechos_humanos_2024.md,dd57f8ace07aa5062d42ed34b5e7b8f5cf7f6c58e402d13565aeb4e9f0007e24,6,listing_25263,10,10
guadalajara_2025,municipal,cuadernillos_2025,2025-11,Guadalajara,https://iieg.gob.mx/ns/?page_id=25306,https://iieg.gob.mx/ns/wp-content/uploads/2025/11/cuadernillos_municipales_guadalajara_2025.pdf,corpora/iieg_diverso_2023_2025/pdf/guadalajara_2025.pdf,corpora/iieg_diverso_2023_2025/md/guadalajara_2025.md,1b2cfaa6b10cda0299ebb7bafc5fdbae2a2451f5dc8372fb398348d22bf48602,80,cuadernillos_2025,69,69
puerto_vallarta_2025,municipal,cuadernillos_2025,2025-11,Puerto Vallarta,https://iieg.gob.mx/ns/?page_id=25306,https://iieg.gob.mx/ns/wp-content/uploads/2025/11/cuadernillos_municipales_puerto_vallarta_2025.pdf,corpora/iieg_diverso_2023_2025/pdf/puerto_vallarta_2025.pdf,corpora/iieg_diverso_2023_2025/md/puerto_vallarta_2025.md,dc78ed7bc11a3051ce02d3317bbc9acefc09d23e2ab4f9a4d44340d7dc946697,84,cuadernillos_2025,71,42
mezquitic_2025,municipal,cuadernillos_2025,2025-11,Mezquitic,https://iieg.gob.mx/ns/?page_id=25306,https://iieg.gob.mx/ns/wp-content/uploads/2025/11/cuadernillos_municipales_mezquitic2025.pdf,corpora/iieg_diverso_2023_2025/pdf/mezquitic_2025.pdf,corpora/iieg_diverso_2023_2025/md/mezquitic_2025.md,92610c094a49726d66c9186bae89a9e59bdb0de2694bb3213a9ed999c9138a57,80,cuadernillos_2025,84,55
lagos_de_moreno_2025,municipal,cuadernillos_2025,2025-11,Lagos de Moreno,https://iieg.gob.mx/ns/?page_id=25306,https://iieg.gob.mx/ns/wp-content/uploads/2025/11/cuadernillos_municipales_lagos_de_moreno_2025.pdf,corpora/iieg_diverso_2023_2025/pdf/lagos_de_moreno_2025.pdf,corpora/iieg_diverso_2023_2025/md/lagos_de_moreno_2025.md,e76687cf9ef3ca2feb2cdcd99daae44e0b743c35f510392bd1ef30904aa2fb4a,82,cuadernillos_2025,74,45
municipiosopt_cd161aef,sociedad,listing_881,2024-07,"Presentación. Análisis de la conformación de los municipios en Jalisco y México, 18 de Julio 2024",https://iieg.gob.mx/ns/?page_id=881,https://iieg.gob.mx/ns/wp-content/uploads/2024/07/MunicipiosOPT.pdf,corpora/iieg_diverso_2023_2025/pdf/municipiosopt_cd161aef.pdf,corpora/iieg_diverso_2023_2025/md/municipiosopt_cd161aef.md,e105a807b558629843367194cd86f0f149b405941b57096e307831db77af0ce8,52,listing_881,36,36
analisismunicipios2024_c20bf1a3,sociedad,listing_881,2024-07,"Análisis de la conformación de los municipios en Jalisco y México, 18 de Julio 2024",https://iieg.gob.mx/ns/?page_id=881,https://iieg.gob.mx/ns/wp-content/uploads/2024/07/An%C3%A1lisisMunicipios2024.pdf,corpora/iieg_diverso_2023_2025/pdf/analisismunicipios2024_c20bf1a3.pdf,corpora/iieg_diverso_2023_2025/md/analisismunicipios2024_c20bf1a3.md,ef7ab5d633205ae938daf12d7c3db52ae1d637908464a44f853f76f2f31222c1,27,listing_881,61,55
cambiosdistritacion15_17_22_c3a4850a,sociedad,listing_881,2024-02,"Cambios en la distritación electoral de Jalisco2015, 2017 y 2022. Delimitado al municipio de Guadalajara",https://iieg.gob.mx/ns/?page_id=881,https://iieg.gob.mx/ns/wp-content/uploads/2024/02/CambiosDistritaci%C3%B3n15_17_22.pdf,corpora/iieg_diverso_2023_2025/pdf/cambiosdistritacion15_17_22_c3a4850a.pdf,corpora/iieg_diverso_2023_2025/md/cambiosdistritacion15_17_22_c3a4850a.md,96d3fe86ddee9719d2d496532f221eb451f53fca596f775b783d1df05d13756e,7,listing_881,4,4
reporte_afiliadospartidospoliticos_6d1f7615,sociedad,listing_881,2023-11,Reporte de la afiliación política a nivel estatal: Distribución de miembros en partidos políticos nacionales,https://iieg.gob.mx/ns/?page_id=881,https://iieg.gob.mx/ns/wp-content/uploads/2023/11/Reporte_AfiliadosPartidosPol%C3%ADticos.pdf,corpora/iieg_diverso_2023_2025/pdf/reporte_afiliadospartidospoliticos_6d1f7615.pdf,corpora/iieg_diverso_2023_2025/md/reporte_afiliadospartidospoliticos_6d1f7615.md,64f7ad5eb16ff530df9d08b9e817b63b18c9908ba939dad6f98b61157e9da328,118,listing_881,37,37
presentacion_afiliacionpolitica2023_d3c4db2e,sociedad,listing_881,2023-11,Presentación: Reporte de la afiliación política a nivel estatal: Distribución de miembros en partidos políticos nacionales,https://iieg.gob.mx/ns/?page_id=881,https://iieg.gob.mx/ns/wp-content/uploads/2023/11/Presentacion_Afiliaci%C3%B3nPol%C3%ADtica2023.pdf,corpora/iieg_diverso_2023_2025/pdf/presentacion_afiliacionpolitica2023_d3c4db2e.pdf,corpora/iieg_diverso_2023_2025/md/presentacion_afiliacionpolitica2023_d3c4db2e.md,34fb6084c83e49387840177c868c6d5468fff030d40ce1cff13a135ec50f23bd,49,listing_881,5,3
resultadospobreza2022_79954322,sociedad,listing_4252,2023-08,"Evolución de la Pobreza Multidimensional en Jalisco, 2016-2022 Presentación",https://iieg.gob.mx/ns/?page_id=4252,https://iieg.gob.mx/ns/wp-content/uploads/2023/08/ResultadosPobreza2022.pdf,corpora/iieg_diverso_2023_2025/pdf/resultadospobreza2022_79954322.pdf,corpora/iieg_diverso_2023_2025/md/resultadospobreza2022_79954322.md,0f5a14adb655909a4de543af1f92f8f3807e348b2b4baad92c1098df7fb880e6,40,listing_4252,15,15
diaprevencionembarazoadolescente2024_25a01817,sociedad,listing_914,2024-09,"Presentación. Análisis de las cifras del Embarazo Adolescente en Jalisco, 2024.",https://iieg.gob.mx/ns/?page_id=914,https://iieg.gob.mx/ns/wp-content/uploads/2024/09/D%C3%ADaPrevenci%C3%B3nEmbarazoAdolescente2024.pdf,corpora/iieg_diverso_2023_2025/pdf/diaprevencionembarazoadolescente2024_25a01817.pdf,corpora/iieg_diverso_2023_2025/md/diaprevencionembarazoadolescente2024_25a01817.md,e6b91c4fac025a8abb87d32ff8d3e8b5d078ee09693ce5c1cf76160754f202cf,43,listing_914,37,37
diamundialsalud_10bd50a5,sociedad,listing_914,2023-04,"Presentación: Día Mundial de la Salud, 2023. “Salud para Todos”",https://iieg.gob.mx/ns/?page_id=914,https://iieg.gob.mx/ns/wp-content/uploads/2023/04/D%C3%ADaMundialSalud.pdf,corpora/iieg_diverso_2023_2025/pdf/diamundialsalud_10bd50a5.pdf,corpora/iieg_diverso_2023_2025/md/diamundialsalud_10bd50a5.md,1dea2c7c528bca63292f782a08274f064fd06e4bbd218d07eb84fb20d0dfd5ce,39,listing_914,31,31
diaprevencionembarazoadolescente2023_2f6aa054,sociedad,listing_914,2023-09,"Presentación. Análisis de las cifras del Embarazo Adolescente en Jalisco, 2023.",https://iieg.gob.mx/ns/?page_id=914,https://iieg.gob.mx/ns/wp-content/uploads/2023/09/D%C3%ADaPrevenci%C3%B3nEmbarazoAdolescente2023.pdf,corpora/iieg_diverso_2023_2025/pdf/diaprevencionembarazoadolescente2023_2f6aa054.pdf,corpora/iieg_diverso_2023_2025/md/diaprevencionembarazoadolescente2023_2f6aa054.md,8776617de0b57f073edb76448a40072ccbf3fe7febebf45a1d08e8466119b3a3,30,listing_914,24,20
resultados_encuestaautonomiaescolar_52e44dc8,sociedad,listing_12219,2024-08,Resultados del sondeo,https://iieg.gob.mx/ns/?page_id=12219,https://iieg.gob.mx/ns/wp-content/uploads/2024/08/Resultados_EncuestaAutonom%C3%ADaEscolar.pdf,corpora/iieg_diverso_2023_2025/pdf/resultados_encuestaautonomiaescolar_52e44dc8.pdf,corpora/iieg_diverso_2023_2025/md/resultados_encuestaautonomiaescolar_52e44dc8.md,2ccab4282052a1d853b122f20bee3a0b67dbdf5bb17f2c8c6e4ddf2d510845b5,68,listing_12219,57,56
nota_medologogicaspj_ed9e558b,sociedad,listing_12219,2024-08,Nota metodológica,https://iieg.gob.mx/ns/?page_id=12219,https://iieg.gob.mx/ns/wp-content/uploads/2024/08/Nota-Medolog%C3%B3gicaSPJ.pdf,corpora/iieg_diverso_2023_2025/pdf/nota_medologogicaspj_ed9e558b.pdf,corpora/iieg_diverso_2023_2025/md/nota_medologogicaspj_ed9e558b.md,d05813fdc872933700792539b4ce8966731e36418c9651e7a9050bafafba275b,1,listing_12219,3,3
diadelastelecomunicaciones_a5505670,sociedad,listing_902,2023-05,"Presentación. Día Mundial de las Telecomunicaciones y de la Sociedad de la Información, 2023",https://iieg.gob.mx/ns/?page_id=902,https://iieg.gob.mx/ns/wp-content/uploads/2023/05/D%C3%ADadelasTelecomunicaciones.pdf,corpora/iieg_diverso_2023_2025/pdf/diadelastelecomunicaciones_a5505670.pdf,corpora/iieg_diverso_2023_2025/md/diadelastelecomunicaciones_a5505670.md,325e7eb03dac83fd463a971f4481f18e6165c196694bc999d7961d9f47ff4372,45,listing_902,35,34
boletin_economico_iieg_octubre_2025_f674bc71,economia,listing_49,2025-11,"Boletín Económico IIEG, octubre 2025",https://iieg.gob.mx/ns/?page_id=49,https://iieg.gob.mx/ns/wp-content/uploads/2025/11/boletin_economico_IIEG_octubre_2025.pdf,corpora/iieg_diverso_2023_2025/pdf/boletin_economico_iieg_octubre_2025_f674bc71.pdf,corpora/iieg_diverso_2023_2025/md/boletin_economico_iieg_octubre_2025_f674bc71.md,9e4c056eb7ff9e2a1f91cd91eda99bcf30dd0d65200f6d7b7fe570caaf821085,134,listing_49,179,106
boletin_economico_jalisco_mayo_2025_09f3df80,economia,listing_49,2025-06,"Boletín Económico IIEG, mayo 2025",https://iieg.gob.mx/ns/?page_id=49,https://iieg.gob.mx/ns/wp-content/uploads/2025/06/boletin_economico_jalisco_mayo_2025.pdf,corpora/iieg_diverso_2023_2025/pdf/boletin_economico_jalisco_mayo_2025_09f3df80.pdf,corpora/iieg_diverso_2023_2025/md/boletin_economico_jalisco_mayo_2025_09f3df80.md,f7f3c4bcdda4407c11a131b767887bbe78ffc0aeee0e2d99cbab748e43c2033d,159,listing_49,219,130
boletin_economico_iieg_enero_2025_1f358f8f,economia,listing_49,2025-02,"Boletín Económico IIEG, enero 2025",https://iieg.gob.mx/ns/?page_id=49,https://iieg.gob.mx/ns/wp-content/uploads/2025/02/boletin_economico_IIEG_enero_2025.pdf,corpora/iieg_diverso_2023_2025/pdf/boletin_economico_iieg_enero_2025_1f358f8f.pdf,corpora/iieg_diverso_2023_2025/md/boletin_economico_iieg_enero_2025_1f358f8f.md,8aa5b6e11b8a6eee5f0071aa3715ed9b9ed67b3e9f1c41a905b4fe5e8b11e4f4,147,listing_49,208,136
boletin_economico_iieg_septiembre_2024_ea5c2c5f,economia,listing_49,2024-10,"Boletín Económico IIEG, septiembre 2024",https://iieg.gob.mx/ns/?page_id=49,https://iieg.gob.mx/ns/wp-content/uploads/2024/10/Boletin-Economico-IIEG-septiembre-2024.pdf,corpora/iieg_diverso_2023_2025/pdf/boletin_economico_iieg_septiembre_2024_ea5c2c5f.pdf,corpora/iieg_diverso_2023_2025/md/boletin_economico_iieg_septiembre_2024_ea5c2c5f.md,5910a1223c9b806d918bec9a4133e15229b81d6d0197a0b07cff346434d86e32,186,listing_49,226,176
boletin_economico_iieg_mayo_2024_47bd3321,economia,listing_49,2024-06,"Boletín Económico IIEG, mayo 2024",https://iieg.gob.mx/ns/?page_id=49,https://iieg.gob.mx/ns/wp-content/uploads/2024/06/Boletin-Economico-IIEG-mayo-2024.pdf,corpora/iieg_diverso_2023_2025/pdf/boletin_economico_iieg_mayo_2024_47bd3321.pdf,corpora/iieg_diverso_2023_2025/md/boletin_economico_iieg_mayo_2024_47bd3321.md,864cc807d0eac8ee58ac53e57994140b1535375c1eb489bb5435bc70ccc1bf50,212,listing_49,258,160
boletin_economico_iieg_enero_2024_cf9b270e,economia,listing_49,2024-02,"Boletín Económico IIEG, enero 2024",https://iieg.gob.mx/ns/?page_id=49,https://iieg.gob.mx/ns/wp-content/uploads/2024/02/Boletin-Economico-IIEG-enero-2024.pdf,corpora/iieg_diverso_2023_2025/pdf/boletin_economico_iieg_enero_2024_cf9b270e.pdf,corpora/iieg_diverso_2023_2025/md/boletin_economico_iieg_enero_2024_cf9b270e.md,257645b0c8d2c107fc8e0439a96acb1d5b82418ddaa712ea73c25e74632860ca,184,listing_49,218,136
boletin_economico_iieg_septiembre_20231002_e9c4d7d3,economia,listing_49,2023-10,"Boletín Económico IIEG, septiembre 2023",https://iieg.gob.mx/ns/?page_id=49,https://iieg.gob.mx/ns/wp-content/uploads/2023/10/Boletin-Economico-IIEG-septiembre-20231002.pdf,corpora/iieg_diverso_2023_2025/pdf/boletin_economico_iieg_septiembre_20231002_e9c4d7d3.pdf,corpora/iieg_diverso_2023_2025/md/boletin_economico_iieg_septiembre_20231002_e9c4d7d3.md,e81a253306da366d183b8f05b7b85c3d8392cd9dbc899d5d46e5d076633fcb07,187,listing_49,225,119
boletin_economico_iieg_mayo_20230601_7d4c63ed,economia,listing_49,2023-06,"Boletín Económico IIEG, mayo 2023",https://iieg.gob.mx/ns/?page_id=49,https://iieg.gob.mx/ns/wp-content/uploads/2023/06/Boletin-Economico-IIEG-mayo-20230601.pdf,corpora/iieg_diverso_2023_2025/pdf/boletin_economico_iieg_mayo_20230601_7d4c63ed.pdf,corpora/iieg_diverso_2023_2025/md/boletin_economico_iieg_mayo_20230601_7d4c63ed.md,18dd4dce63c523957f61ce4d7c66a630b805aa57182d93652bc895f5b4481c25,227,listing_49,271,164
boletin_economico_iieg_enero_20230201_e66a8e90,economia,listing_49,2023-02,"Boletín Económico IIEG, enero 2023",https://iieg.gob.mx/ns/?page_id=49,https://iieg.gob.mx/ns/wp-content/uploads/2023/02/Boletin-Economico-IIEG-enero-20230201.pdf,corpora/iieg_diverso_2023_2025/pdf/boletin_economico_iieg_enero_20230201_e66a8e90.pdf,corpora/iieg_diverso_2023_2025/md/boletin_economico_iieg_enero_20230201_e66a8e90.md,963042b9902165ed813d73f776ddf7e2b76cf889b4bb000929dd2e1df2fdb2e0,200,listing_49,245,152
ficha_industria_construccion_enec_jalisco_agosto_894830bb,economia,listing_281,2025-10,"Ficha informativa Industria de la Construcción (ENEC), agosto 2025",https://iieg.gob.mx/ns/?page_id=281,https://iieg.gob.mx/ns/wp-content/uploads/2025/10/ficha_industria_construccion_ENEC_jalisco_agosto_2025.pdf,corpora/iieg_diverso_2023_2025/pdf/ficha_industria_construccion_enec_jalisco_agosto_894830bb.pdf,corpora/iieg_diverso_2023_2025/md/ficha_industria_construccion_enec_jalisco_agosto_894830bb.md,5de7528ada02929ed89ff9884d27f84555ce1aeef9515c25ae0d354fd867d2a1,7,listing_281,10,1
ficha_actividad_industrial_entidades_imaief_febr_fab27311,economia,listing_281,2025-06,"Ficha informativa Indicador Mensual de la Actividad Industrial por Entidad (IMAIEF), febrero 2025",https://iieg.gob.mx/ns/?page_id=281,https://iieg.gob.mx/ns/wp-content/uploads/2025/06/ficha_actividad_industrial_entidades_IMAIEF_febrero_2025.pdf,corpora/iieg_diverso_2023_2025/pdf/ficha_actividad_industrial_entidades_imaief_febr_fab27311.pdf,corpora/iieg_diverso_2023_2025/md/ficha_actividad_industrial_entidades_imaief_febr_fab27311.md,01179ab2e4b1c444e459d4a172b565a55748e3b27b1ea165e58a818bfb16a3ef,10,listing_281,18,9
ficha_indicador_actividad_industrial_entidad_ima_33afd472,economia,listing_281,2025-03,"Ficha informativa Indicador Mensual de la Actividad Industrial por Entidad (IMAIEF), noviembre 2024",https://iieg.gob.mx/ns/?page_id=281,https://iieg.gob.mx/ns/wp-content/uploads/2025/03/ficha_Indicador_actividad_industrial_entidad_IMAIEF_nov_2024.pdf,corpora/iieg_diverso_2023_2025/pdf/ficha_indicador_actividad_industrial_entidad_ima_33afd472.pdf,corpora/iieg_diverso_2023_2025/md/ficha_indicador_actividad_industrial_entidad_ima_33afd472.md,002e1712e91779d542b101fc3a2fd57b3bbacd59c8be0e47eeaaa88df482c524,10,listing_281,17,2
ficha_informativa_encuesta_mensual_de_la_industr_8b2ae026,economia,listing_281,2024-10,"Ficha informativa Encuesta Mensual de la Industria Manufacturera (EMIM), agosto 2024",https://iieg.gob.mx/ns/?page_id=281,https://iieg.gob.mx/ns/wp-content/uploads/2024/10/Ficha-informativa-Encuesta-Mensual-de-la-Industria-Manufacturera-EMIM-agosto-2024-20241015.pdf,corpora/iieg_diverso_2023_2025/pdf/ficha_informativa_encuesta_mensual_de_la_industr_8b2ae026.pdf,corpora/iieg_diverso_2023_2025/md/ficha_informativa_encuesta_mensual_de_la_industr_8b2ae026.md,499319e1bf27b5c0e25a5e0f1c89780a755f882ca979558adee4267834bc5e77,6,listing_281,9,3
ficha_informativa_indicador_mensual_de_la_activi_753528d4,economia,listing_281,2024-06,"Ficha informativa Indicador Mensual de la Actividad Industrial por Entidad (IMAIEF), febrero 2024",https://iieg.gob.mx/ns/?page_id=281,https://iieg.gob.mx/ns/wp-content/uploads/2024/06/Ficha-informativa-Indicador-Mensual-de-la-Actividad-Industrial-por-Entidad-IMAIEF-febrero-2024-20240607.pdf,corpora/iieg_diverso_2023_2025/pdf/ficha_informativa_indicador_mensual_de_la_activi_753528d4.pdf,corpora/iieg_diverso_2023_2025/md/ficha_informativa_indicador_mensual_de_la_activi_753528d4.md,3cdf33e1c854396617e2f6d54b94a6cc1b7e96782a4874ad411d8663972c7717,10,listing_281,17,2
ficha_informativa_imaief_octubre_2023_20240208_c3de4164,economia,listing_281,2024-02,"Ficha informativa Indicador Mensual de la Actividad Industrial por Entidad (IMAIEF), octubre 2023",https://iieg.gob.mx/ns/?page_id=281,https://iieg.gob.mx/ns/wp-content/uploads/2024/02/Ficha-informativa-IMAIEF-octubre-2023-20240208.pdf,corpora/iieg_diverso_2023_2025/pdf/ficha_informativa_imaief_octubre_2023_20240208_c3de4164.pdf,corpora/iieg_diverso_2023_2025/md/ficha_informativa_imaief_octubre_2023_20240208_c3de4164.md,2efab4eee35e2b254143a55d75c747aea76846b3e50ae44dc8210ce5ea997d26,10,listing_281,17,2
ficha_informativa_imaief_junio_2023_20231010_ee832f12,economia,listing_281,2023-10,"Ficha informativa Indicador Mensual de la Actividad Industrial por Entidad (IMAIEF), junio 2023",https://iieg.gob.mx/ns/?page_id=281,https://iieg.gob.mx/ns/wp-content/uploads/2023/10/Ficha-informativa-IMAIEF-junio-2023-20231010.pdf,corpora/iieg_diverso_2023_2025/pdf/ficha_informativa_imaief_junio_2023_20231010_ee832f12.pdf,corpora/iieg_diverso_2023_2025/md/ficha_informativa_imaief_junio_2023_20231010_ee832f12.md,a6236ee824e4d3e5198b020fbe42368702424782782db3683486f1fac9ee8bae,10,listing_281,17,3
ficha_informativa_imaief_febrero_2023_20230608_fc884d99,economia,listing_281,2023-06,"Ficha informativa Indicador Mensual de la Actividad Industrial por Entidad (IMAIEF), febrero 2023",https://iieg.gob.mx/ns/?page_id=281,https://iieg.gob.mx/ns/wp-content/uploads/2023/06/Ficha-informativa-IMAIEF-febrero-2023-20230608.pdf,corpora/iieg_diverso_2023_2025/pdf/ficha_informativa_imaief_febrero_2023_20230608_fc884d99.pdf,corpora/iieg_diverso_2023_2025/md/ficha_informativa_imaief_febrero_2023_20230608_fc884d99.md,4f8cd7b7287405ac1f41bee682c13eabfac7ce22c03d2999589a8d8ab0dceb6f,10,listing_281,17,1
ficha_informativa_enec_diciembre_2022_20230222_211966f1,economia,listing_281,2023-02,"Ficha informativa Industria de la Construcción (ENEC), diciembre 2022",https://iieg.gob.mx/ns/?page_id=281,https://iieg.gob.mx/ns/wp-content/uploads/2023/02/Ficha-informativa-ENEC-diciembre-2022-20230222.pdf,corpora/iieg_diverso_2023_2025/pdf/ficha_informativa_enec_diciembre_2022_20230222_211966f1.pdf,corpora/iieg_diverso_2023_2025/md/ficha_informativa_enec_diciembre_2022_20230222_211966f1.md,c2b225eeb9d485a5da5a36c76306e0d2f3e3196262218788c4da22798e90c572,6,listing_281,10,6
ficha_industria_manufacturera_immex_jalisco_juni_26164ad7,economia,listing_316,2025-08,"Industria Manufacturera, Maquiladora y de Servicios de Exportación, IMMEX junio 2025",https://iieg.gob.mx/ns/?page_id=316,https://iieg.gob.mx/ns/wp-content/uploads/2025/08/ficha_industria_manufacturera_immex_jalisco_junio_2025.pdf,corpora/iieg_diverso_2023_2025/pdf/ficha_industria_manufacturera_immex_jalisco_juni_26164ad7.pdf,corpora/iieg_diverso_2023_2025/md/ficha_industria_manufacturera_immex_jalisco_juni_26164ad7.md,93dc074099712318cc3eaa46c6aa0a5fd9d43606e5fe1699e105774f8b057523,8,listing_316,10,1
ficha_informativa_immex_diciembre_2024_3215883c,economia,listing_316,2025-03,"Ficha informativa IMMEX, diciembre 2024",https://iieg.gob.mx/ns/?page_id=316,https://iieg.gob.mx/ns/wp-content/uploads/2025/03/ficha_informativa_IMMEX_diciembre_2024.pdf,corpora/iieg_diverso_2023_2025/pdf/ficha_informativa_immex_diciembre_2024_3215883c.pdf,corpora/iieg_diverso_2023_2025/md/ficha_informativa_immex_diciembre_2024_3215883c.md,68d7595a8f3ede6eed78dd7c6cebc5b217ea1c8978de46ea072cc9d12daf7d68,8,listing_316,10,3
ficha_informativa_immex_mayo_2024_20240722_8767d1e1,economia,listing_316,2024-07,"Ficha informativa IMMEX, mayo 2024",https://iieg.gob.mx/ns/?page_id=316,https://iieg.gob.mx/ns/wp-content/uploads/2024/07/Ficha-informativa-IMMEX-mayo-2024-20240722.pdf,corpora/iieg_diverso_2023_2025/pdf/ficha_informativa_immex_mayo_2024_20240722_8767d1e1.pdf,corpora/iieg_diverso_2023_2025/md/ficha_informativa_immex_mayo_2024_20240722_8767d1e1.md,60e0175c5284cbc5469c165824a4855aef995ee70cf1c9b25504448043743900,8,listing_316,10,2
ficha_informativa_exportaciones_cuarto_trimestre_696ac9ac,economia,listing_316,2024-04,"Ficha informativa exportaciones, cuarto trimestre 2023",https://iieg.gob.mx/ns/?page_id=316,https://iieg.gob.mx/ns/wp-content/uploads/2024/04/Ficha-informativa-exportaciones-cuarto-trimestre-2023-20240408.pdf,corpora/iieg_diverso_2023_2025/pdf/ficha_informativa_exportaciones_cuarto_trimestre_696ac9ac.pdf,corpora/iieg_diverso_2023_2025/md/ficha_informativa_exportaciones_cuarto_trimestre_696ac9ac.md,456e40a71134a591bbe77fd3c3c61bba679db8597c8bb36eb97ca563bc3ca6f0,5,listing_316,7,5
ficha_informativa_exportaciones_primer_trimestre_cbb0a29f,economia,listing_316,2023-06,"Ficha informativa exportaciones, primer trimestre 2023",https://iieg.gob.mx/ns/?page_id=316,https://iieg.gob.mx/ns/wp-content/uploads/2023/06/Ficha-informativa-Exportaciones-primer-trimestre-2023-20230630.pdf,corpora/iieg_diverso_2023_2025/pdf/ficha_informativa_exportaciones_primer_trimestre_cbb0a29f.pdf,corpora/iieg_diverso_2023_2025/md/ficha_informativa_exportaciones_primer_trimestre_cbb0a29f.md,1e4981a1a2541c8be466ed46ca3e5692c6f1e9b925762407cb66b5e05e6eb564,4,listing_316,6,2
exportaciones_de_jalisco_durante_el_tercer_trime_6e27d2c1,economia,listing_316,2023-02,"Ficha informativa exportaciones, tercer trimestre de 2022",https://iieg.gob.mx/ns/?page_id=316,https://iieg.gob.mx/ns/wp-content/uploads/2023/02/Exportaciones-de-Jalisco-durante-el-tercer-trimestre-de-2022.pdf,corpora/iieg_diverso_2023_2025/pdf/exportaciones_de_jalisco_durante_el_tercer_trime_6e27d2c1.pdf,corpora/iieg_diverso_2023_2025/md/exportaciones_de_jalisco_durante_el_tercer_trime_6e27d2c1.md,59eb9bcd3d5d2283f128285706327b5e6d0c510f16048c182535c51d6ea398dc,4,listing_316,5,3
ficha_inversion_extranjera_directa_jalisco_2t_20_a3e6c03e,economia,listing_287,2025-09,"Ficha informativa Inversión Extranjera Directa, 2025 T2",https://iieg.gob.mx/ns/?page_id=287,https://iieg.gob.mx/ns/wp-content/uploads/2025/09/ficha_inversion_extranjera_directa_jalisco_2T_2025.pdf,corpora/iieg_diverso_2023_2025/pdf/ficha_inversion_extranjera_directa_jalisco_2t_20_a3e6c03e.pdf,corpora/iieg_diverso_2023_2025/md/ficha_inversion_extranjera_directa_jalisco_2t_20_a3e6c03e.md,cb5f7ae619a9f04e1c2d44f9bfe3c1d4fc17e3030fc6235ff4cac5b0151c4de5,7,listing_287,7,1
ficha_inversion_extranjera_directa_jalisco_4to_t_b8efd82b,economia,listing_287,2025-04,"Ficha informativa Inversión Extranjera Directa, 2024 T4",https://iieg.gob.mx/ns/?page_id=287,https://iieg.gob.mx/ns/wp-content/uploads/2025/04/ficha_inversion_extranjera_directa_jalisco_4to_trimestre_2024.pdf,corpora/iieg_diverso_2023_2025/pdf/ficha_inversion_extranjera_directa_jalisco_4to_t_b8efd82b.pdf,corpora/iieg_diverso_2023_2025/md/ficha_inversion_extranjera_directa_jalisco_4to_t_b8efd82b.md,e3d3b61ad49ba4bea487458b9261a046921599ff98ce1a48f9e8156ff7eb29eb,6,listing_287,6,6
ficha_informativa_ied_segundo_trimestre_20240822_f1171553,economia,listing_287,2024-08,"Ficha informativa Inversión Extranjera Directa, 2024 T2",https://iieg.gob.mx/ns/?page_id=287,https://iieg.gob.mx/ns/wp-content/uploads/2024/08/Ficha-informativa-IED-segundo-trimestre-20240822.pdf,corpora/iieg_diverso_2023_2025/pdf/ficha_informativa_ied_segundo_trimestre_20240822_f1171553.pdf,corpora/iieg_diverso_2023_2025/md/ficha_informativa_ied_segundo_trimestre_20240822_f1171553.md,0fca64efa309fa40a7ab11bb59779f40fe8e5ab265a2527cafaccbe38c106238,6,listing_287,8,7
ficha_informativa_ied_cuarto_trimestre_trimestre_1bd8241c,economia,listing_287,2024-05,"Ficha informativa Inversión Extranjera Directa, 2023 T4",https://iieg.gob.mx/ns/?page_id=287,https://iieg.gob.mx/ns/wp-content/uploads/2024/05/Ficha-informativa-IED-cuarto-trimestre-trimestre-20240307.pdf,corpora/iieg_diverso_2023_2025/pdf/ficha_informativa_ied_cuarto_trimestre_trimestre_1bd8241c.pdf,corpora/iieg_diverso_2023_2025/md/ficha_informativa_ied_cuarto_trimestre_trimestre_1bd8241c.md,1116c2c92e3a640281ce4ebf4679da3247ca70f1901754cd0f6e8283edc149a6,6,listing_287,7,7
ficha_informativa_ied_segundo_trimestre_20220823_e0d8c569,economia,listing_287,2023-08,"Ficha informativa Inversión Extranjera Directa, 2023 T2",https://iieg.gob.mx/ns/?page_id=287,https://iieg.gob.mx/ns/wp-content/uploads/2023/08/Ficha-informativa-IED-segundo-trimestre-20220823.pdf,corpora/iieg_diverso_2023_2025/pdf/ficha_informativa_ied_segundo_trimestre_20220823_e0d8c569.pdf,corpora/iieg_diverso_2023_2025/md/ficha_informativa_ied_segundo_trimestre_20220823_e0d8c569.md,38c16fbc7e01070fe57385aa2e7ddbc338779eb86019478f50d42b8280a68a73,9,listing_287,12,10
ficha_informativa_ied_cierre_2022_20230220_e1a3628a,economia,listing_287,2023-02,"Ficha informativa Inversión Extranjera Directa, 2022 T4",https://iieg.gob.mx/ns/?page_id=287,https://iieg.gob.mx/ns/wp-content/uploads/2023/02/Ficha-informativa-IED-cierre-2022-20230220.pdf,corpora/iieg_diverso_2023_2025/pdf/ficha_informativa_ied_cierre_2022_20230220_e1a3628a.pdf,corpora/iieg_diverso_2023_2025/md/ficha_informativa_ied_cierre_2022_20230220_e1a3628a.md,8580b2ce2b4a489fd2966526ab319a7c05e9f152eb7eb4a1874b706a8d227612,6,listing_287,8,7
ficha_empleo_imss_sector_actividad_sector_turism_eeb9b52a,economia,listing_290,2025-07,"Ficha informativa empleo IMSS por sector, edad y municipio, mayo 2025",https://iieg.gob.mx/ns/?page_id=290,https://iieg.gob.mx/ns/wp-content/uploads/2025/07/ficha_empleo_IMSS_sector_actividad_sector_turismo_jalisco_mayo_2025.pdf,corpora/iieg_diverso_2023_2025/pdf/ficha_empleo_imss_sector_actividad_sector_turism_eeb9b52a.pdf,corpora/iieg_diverso_2023_2025/md/ficha_empleo_imss_sector_actividad_sector_turism_eeb9b52a.md,3d81fd703d1873fe1bdddac9f6969945a22c570ddc520d1baea828959b1bd015,11,listing_290,19,7
ficha_informativa_patrones_imss_jalisco_enero_20_57722476,economia,listing_290,2025-03,"Ficha informativa Patrones registrados en el IMSS, enero 2025",https://iieg.gob.mx/ns/?page_id=290,https://iieg.gob.mx/ns/wp-content/uploads/2025/03/ficha_informativa_patrones_IMSS_jalisco_enero_2025.pdf,corpora/iieg_diverso_2023_2025/pdf/ficha_informativa_patrones_imss_jalisco_enero_20_57722476.pdf,corpora/iieg_diverso_2023_2025/md/ficha_informativa_patrones_imss_jalisco_enero_20_57722476.md,c7205118b04943d0237d38ed224a7848a4cd0de282cfa010d9be6181c5c91870,7,listing_290,10,7
ficha_informativa_patrones_imss_septiembre_2024__fc62c119,economia,listing_290,2024-10,"Ficha informativa Patrones registrados en el IMSS, septiembre 2024",https://iieg.gob.mx/ns/?page_id=290,https://iieg.gob.mx/ns/wp-content/uploads/2024/10/Ficha-informativa-Patrones-IMSS-septiembre-2024-20241016.pdf,corpora/iieg_diverso_2023_2025/pdf/ficha_informativa_patrones_imss_septiembre_2024__fc62c119.pdf,corpora/iieg_diverso_2023_2025/md/ficha_informativa_patrones_imss_septiembre_2024__fc62c119.md,a5b6a894815c5ebdbec2119057021c1f2b6a943aebb83d242872fb94354beb64,15,listing_290,23,15
ficha_informativa_patrones_imss_mayo_2024_202406_948a8026,economia,listing_290,2024-06,"Ficha informativa Patrones registrados en el IMSS, mayo 2024",https://iieg.gob.mx/ns/?page_id=290,https://iieg.gob.mx/ns/wp-content/uploads/2024/06/Ficha-informativa-Patrones-IMSS-mayo-2024-20240617.pdf,corpora/iieg_diverso_2023_2025/pdf/ficha_informativa_patrones_imss_mayo_2024_202406_948a8026.pdf,corpora/iieg_diverso_2023_2025/md/ficha_informativa_patrones_imss_mayo_2024_202406_948a8026.md,34e8dd0a37ea4c71a35cd8d2fb7f645f0473fa6980ce2947b41fb7d0fe55f6cf,15,listing_290,22,18
ficha_informativa_tasa_desocupacion_jalisco_ener_449077cf,economia,listing_290,2024-02,"Ficha informativa tasa de desocupación, enero 2024",https://iieg.gob.mx/ns/?page_id=290,https://iieg.gob.mx/ns/wp-content/uploads/2024/02/Ficha-informativa-Tasa-desocupacion-Jalisco-enero-20240229.pdf,corpora/iieg_diverso_2023_2025/pdf/ficha_informativa_tasa_desocupacion_jalisco_ener_449077cf.pdf,corpora/iieg_diverso_2023_2025/md/ficha_informativa_tasa_desocupacion_jalisco_ener_449077cf.md,437d5afe7335bdeea68ee805650d4bdb13f5bc09de61158f375fcbe4fc7fc581,3,listing_290,3,3
ficha_informativa_empleo_imss_septiembre_2023100_eaf959db,economia,listing_290,2023-10,"Ficha informativa empleo IMSS, septiembre 2023",https://iieg.gob.mx/ns/?page_id=290,https://iieg.gob.mx/ns/wp-content/uploads/2023/10/Ficha-informativa-empleo-IMSS-septiembre-20231005.pdf,corpora/iieg_diverso_2023_2025/pdf/ficha_informativa_empleo_imss_septiembre_2023100_eaf959db.pdf,corpora/iieg_diverso_2023_2025/md/ficha_informativa_empleo_imss_septiembre_2023100_eaf959db.md,c6d6dde25e19a8498d5465aa7d18e429fc6d9a7494d434abe7dbfd3ae9ef4ac6,10,listing_290,12,6
ficha_informativa_empleo_imss_mayo_20230605_c4adb0f0,economia,listing_290,2023-06,"Ficha informativa empleo IMSS, mayo 2023",https://iieg.gob.mx/ns/?page_id=290,https://iieg.gob.mx/ns/wp-content/uploads/2023/06/Ficha-informativa-empleo-IMSS-mayo-20230605.pdf,corpora/iieg_diverso_2023_2025/pdf/ficha_informativa_empleo_imss_mayo_20230605_c4adb0f0.pdf,corpora/iieg_diverso_2023_2025/md/ficha_informativa_empleo_imss_mayo_20230605_c4adb0f0.md,b7108fa2d8fc36790dd7604c761094de10d18050ce70f0fc77c162483e24c565,10,listing_290,13,9
ficha_informativa_encuesta_nacional_de_ocupacion_9d3591e2,economia,listing_290,2023-03,"Ficha informativa empleo ENOE, 2022 T4",https://iieg.gob.mx/ns/?page_id=290,https://iieg.gob.mx/ns/wp-content/uploads/2023/03/Ficha-informativa-Encuesta-Nacional-de-Ocupaci%C3%B3n-y-Empleo-en-Jalisco-4T-2022-20230220.pdf,corpora/iieg_diverso_2023_2025/pdf/ficha_informativa_encuesta_nacional_de_ocupacion_9d3591e2.pdf,corpora/iieg_diverso_2023_2025/md/ficha_informativa_encuesta_nacional_de_ocupacion_9d3591e2.md,76897e3a0406ff66afedc987847eaca3ed90ef6eb91779c1326874fc35d209a8,9,listing_290,14,11
ficha_producto_interno_bruto_pib_jalisco_cifras__a6091c51,economia,listing_11696,2025-12,"Producto Interno Bruto de Jalisco, cifras preliminares, 2024",https://iieg.gob.mx/ns/?page_id=11696,https://iieg.gob.mx/ns/wp-content/uploads/2025/12/ficha_producto_interno_bruto_PIB_jalisco_cifras_preliminares_2024.pdf,corpora/iieg_diverso_2023_2025/pdf/ficha_producto_interno_bruto_pib_jalisco_cifras__a6091c51.pdf,corpora/iieg_diverso_2023_2025/md/ficha_producto_interno_bruto_pib_jalisco_cifras__a6091c51.md,41213bea7db9c8a7204946a10c73e5d3e81dc5d4c622d6711ae2d77aacb1e94b,9,listing_11696,10,10
ficha_informativa_producto_interno_bruto_jalisco_45742697,economia,listing_11696,2025-04,"Producto Interno Bruto de Jalisco, cifras preliminares, 2023",https://iieg.gob.mx/ns/?page_id=11696,https://iieg.gob.mx/ns/wp-content/uploads/2025/04/ficha_informativa_producto_interno_bruto_jalisco_2023.pdf,corpora/iieg_diverso_2023_2025/pdf/ficha_informativa_producto_interno_bruto_jalisco_45742697.pdf,corpora/iieg_diverso_2023_2025/md/ficha_informativa_producto_interno_bruto_jalisco_45742697.md,41a0c8301e4298f529424c839fc314da82e5a971f51ebfee6fd1a9f9dd049887,8,listing_11696,10,8
ficha_informativa_producto_interno_bruto_de_jali_01912c4b,economia,listing_11696,2024-07,"Producto Interno Bruto de Jalisco, 2022",https://iieg.gob.mx/ns/?page_id=11696,https://iieg.gob.mx/ns/wp-content/uploads/2024/07/Ficha-informativa-Producto-Interno-Bruto-de-Jalisco-2022-20240719.pdf,corpora/iieg_diverso_2023_2025/pdf/ficha_informativa_producto_interno_bruto_de_jali_01912c4b.pdf,corpora/iieg_diverso_2023_2025/md/ficha_informativa_producto_interno_bruto_de_jali_01912c4b.md,74a79b68b29482ddb7362405b7c1494959458d40965ed12435e54764f2d9c973,8,listing_11696,11,6
ficha_informativa_producto_interno_bruto_de_jali_1345f110,economia,listing_11696,2023-12,"Producto Interno Bruto de Jalisco, cifras preliminares, 2022",https://iieg.gob.mx/ns/?page_id=11696,https://iieg.gob.mx/ns/wp-content/uploads/2023/12/Ficha-informativa-Producto-Interno-Bruto-de-Jalisco-2022-20231207.pdf,corpora/iieg_diverso_2023_2025/pdf/ficha_informativa_producto_interno_bruto_de_jali_1345f110.pdf,corpora/iieg_diverso_2023_2025/md/ficha_informativa_producto_interno_bruto_de_jali_1345f110.md,777754b2e9921019053df6d5c05387391626b60189b1449dfbf262887734f1fc,8,listing_11696,9,3
ficha_pib_estatal_jalisco_2023_c26f9f48,economia,listing_11696,2025-08,"Producto Interno Bruto de Jalisco, 2023",https://iieg.gob.mx/ns/?page_id=11696,https://iieg.gob.mx/ns/wp-content/uploads/2025/08/ficha_PIB_estatal_jalisco_2023.pdf,corpora/iieg_diverso_2023_2025/pdf/ficha_pib_estatal_jalisco_2023_c26f9f48.pdf,corpora/iieg_diverso_2023_2025/md/ficha_pib_estatal_jalisco_2023_c26f9f48.md,4e22118b54a35667fe8cdffdbc91cc205cd486234aceab30b5d296109962dac9,8,listing_11696,11,2
ficha_vehiculos_hibridos_electricos_jalisco_abri_53c82fa7,economia,listing_293,2025-05,Venta de vehículos híbridos y eléctricos en Jalisco en abril de 2025,https://iieg.gob.mx/ns/?page_id=293,https://iieg.gob.mx/ns/wp-content/uploads/2025/05/ficha_vehiculos_hibridos_electricos_jalisco_abril_2025.pdf,corpora/iieg_diverso_2023_2025/pdf/ficha_vehiculos_hibridos_electricos_jalisco_abri_53c82fa7.pdf,corpora/iieg_diverso_2023_2025/md/ficha_vehiculos_hibridos_electricos_jalisco_abri_53c82fa7.md,9ae1ae43c9e6e3b7fe5a7271e035c26ef1a155e619678f2960e45bf62bbb7fdb,4,listing_293,5,1
ficha_informativa_sector_72_jalisco_diciembre_20_ba33aff2,economia,listing_293,2025-02,"Ficha informativa del Sector de servicios de alojamiento y preparación de alimentos y bebidas en Jalisco, diciembre 2024",https://iieg.gob.mx/ns/?page_id=293,https://iieg.gob.mx/ns/wp-content/uploads/2025/02/ficha_informativa_sector_72_jalisco_diciembre_2024.pdf,corpora/iieg_diverso_2023_2025/pdf/ficha_informativa_sector_72_jalisco_diciembre_20_ba33aff2.pdf,corpora/iieg_diverso_2023_2025/md/ficha_informativa_sector_72_jalisco_diciembre_20_ba33aff2.md,bd5ca71a1e9f9afc462db0772ffe1dd6b028e02508eba8286de4838452c33dbb,4,listing_293,7,4
ficha_informativa_inflacion_septiembre_20241009_0e1545b3,economia,listing_293,2024-10,"Ficha informativa inflación, septiembre 2024",https://iieg.gob.mx/ns/?page_id=293,https://iieg.gob.mx/ns/wp-content/uploads/2024/10/Ficha-informativa-Inflacion-septiembre-20241009.pdf,corpora/iieg_diverso_2023_2025/pdf/ficha_informativa_inflacion_septiembre_20241009_0e1545b3.pdf,corpora/iieg_diverso_2023_2025/md/ficha_informativa_inflacion_septiembre_20241009_0e1545b3.md,d92499527d0abb6acfc3da3af392f5839cec29dcfb6a81171e8613d8ae354c0e,4,listing_293,7,4
ficha_informativa_inflacion_mayo_20240607_a707158e,economia,listing_293,2024-06,"Ficha informativa Inflación, mayo 2024",https://iieg.gob.mx/ns/?page_id=293,https://iieg.gob.mx/ns/wp-content/uploads/2024/06/Ficha-informativa-Inflacion-mayo-20240607.pdf,corpora/iieg_diverso_2023_2025/pdf/ficha_informativa_inflacion_mayo_20240607_a707158e.pdf,corpora/iieg_diverso_2023_2025/md/ficha_informativa_inflacion_mayo_20240607_a707158e.md,285543e83666a7b9477b0f380e3bcc549888296c7d7f887525e9a4455924ce0e,4,listing_293,7,3
ficha_informativa_precio_gasolina_en_enero_2024__ce6992b6,economia,listing_293,2024-02,"Ficha informativa precio promedio de gasolina y diésel, enero 2024",https://iieg.gob.mx/ns/?page_id=293,https://iieg.gob.mx/ns/wp-content/uploads/2024/02/Ficha-informativa-Precio-gasolina-en-enero-2024-20240216.pdf,corpora/iieg_diverso_2023_2025/pdf/ficha_informativa_precio_gasolina_en_enero_2024__ce6992b6.pdf,corpora/iieg_diverso_2023_2025/md/ficha_informativa_precio_gasolina_en_enero_2024__ce6992b6.md,3553c47b0e8d587a2832b96c3c24447016081dd9104b0136f0db7fee1d51f222,8,listing_293,8,5
ficha_informativa_indicadores_del_sector_servici_53a028dc,economia,listing_293,2023-10,"Ficha informativa Indicadores del Sector Servicios de Jalisco (EMS), agosto 2023",https://iieg.gob.mx/ns/?page_id=293,https://iieg.gob.mx/ns/wp-content/uploads/2023/10/Ficha-informativa-Indicadores-del-Sector-Servicios-de-Jalisco-EMS-agosto-20231020.pdf,corpora/iieg_diverso_2023_2025/pdf/ficha_informativa_indicadores_del_sector_servici_53a028dc.pdf,corpora/iieg_diverso_2023_2025/md/ficha_informativa_indicadores_del_sector_servici_53a028dc.md,8b4246f05ca6e7370f0a98e8f3446be66bc8456fbfbdb81d5cbefca7e5adbda7,9,listing_293,17,6
ficha_informativa_pobreza_laboral_4t_20230221_64ea0c43,economia,listing_293,2023-02,"Ficha informativa Pobreza laboral, 4T 2022",https://iieg.gob.mx/ns/?page_id=293,https://iieg.gob.mx/ns/wp-content/uploads/2023/02/Ficha-informativa-Pobreza-laboral-4T-20230221.pdf,corpora/iieg_diverso_2023_2025/pdf/ficha_informativa_pobreza_laboral_4t_20230221_64ea0c43.pdf,corpora/iieg_diverso_2023_2025/md/ficha_informativa_pobreza_laboral_4t_20230221_64ea0c43.md,8438097f879ed2317914baf806b00ee5afb9c5d2418a3f68a8471e4e243821ee,5,listing_293,7,5
plataforma_estadisticas_economicas_perspectiva_g_f3859516,economia,listing_27002,2025-03,PDF ▼,https://iieg.gob.mx/ns/?page_id=27002,https://iieg.gob.mx/ns/wp-content/uploads/2025/03/plataforma_estadisticas_economicas_perspectiva_genero_nota_tecnica_metodologica_2025.pdf,corpora/iieg_diverso_2023_2025/pdf/plataforma_estadisticas_economicas_perspectiva_g_f3859516.pdf,corpora/iieg_diverso_2023_2025/md/plataforma_estadisticas_economicas_perspectiva_g_f3859516.md,815390710da42421c05c3ef6e8714d4c80a6e340afe3d70268dd4fcee8aab2d0,13,listing_27002,45,45
encuesta_a_empresas_de_jalisco_sobre_el_buen_fin_6a8725af,economia,listing_55,2024-11,Encuesta a Empresas de Jalisco sobre el Buen Fin 2024,https://iieg.gob.mx/ns/?page_id=55,https://iieg.gob.mx/ns/wp-content/uploads/2024/11/Encuesta-a-Empresas-de-Jalisco-sobre-el-Buen-Fin-2024.pdf,corpora/iieg_diverso_2023_2025/pdf/encuesta_a_empresas_de_jalisco_sobre_el_buen_fin_6a8725af.pdf,corpora/iieg_diverso_2023_2025/md/encuesta_a_empresas_de_jalisco_sobre_el_buen_fin_6a8725af.md,1e61336d09725f2a721bff5069b3511b6fd0b7e325e5c8785d47f8056e5b574b,39,listing_55,52,52
radiografia_estadistica_de_la_industria_de_la_ra_15253a79,economia,listing_55,2024-10,Radiografía Estadística de la Industria de la Raicilla 2024,https://iieg.gob.mx/ns/?page_id=55,https://iieg.gob.mx/ns/wp-content/uploads/2024/10/Radiografia-Estadistica-de-la-Industria-de-la-Raicilla-2024-20241030.pdf,corpora/iieg_diverso_2023_2025/pdf/radiografia_estadistica_de_la_industria_de_la_ra_15253a79.pdf,corpora/iieg_diverso_2023_2025/md/radiografia_estadistica_de_la_industria_de_la_ra_15253a79.md,d7cd8883e79fe72bcddcddbc34a2b9d536984b579ab7486846df630988b5e588,59,listing_55,87,85
encuesta_de_percepcion_de_la_ola_de_calor_2024_2_db998938,economia,listing_55,2024-07,"Encuesta Percepción de la Ola de Calor, 2024",https://iieg.gob.mx/ns/?page_id=55,https://iieg.gob.mx/ns/wp-content/uploads/2024/07/Encuesta-de-Percepcion-de-la-Ola-de-Calor-2024-20240729.pdf,corpora/iieg_diverso_2023_2025/pdf/encuesta_de_percepcion_de_la_ola_de_calor_2024_2_db998938.pdf,corpora/iieg_diverso_2023_2025/md/encuesta_de_percepcion_de_la_ola_de_calor_2024_2_db998938.md,4fe2d60578d457b0bc312363e5f98ba6b8cb0ab0addb85e3304131dec163c844,25,listing_55,41,39
proveeduria_tooling_cluster_983e8fc3,economia,listing_55,2024-06,Proveeduría del Tooling Cluster,https://iieg.gob.mx/ns/?page_id=55,https://iieg.gob.mx/ns/wp-content/uploads/2024/06/Proveeduria-Tooling-Cluster.pdf,corpora/iieg_diverso_2023_2025/pdf/proveeduria_tooling_cluster_983e8fc3.pdf,corpora/iieg_diverso_2023_2025/md/proveeduria_tooling_cluster_983e8fc3.md,f95dd6b492ebbc49fd99ca2d9359ed84cd731fbccf50b1257c138a57b31c512e,43,listing_55,78,57
proveeduria_cluster_de_fundicion_080b0e0e,economia,listing_55,2024-06,Proveeduría del Clúster de la Fundición,https://iieg.gob.mx/ns/?page_id=55,https://iieg.gob.mx/ns/wp-content/uploads/2024/06/Proveeduria-Cluster-de-Fundicion.pdf,corpora/iieg_diverso_2023_2025/pdf/proveeduria_cluster_de_fundicion_080b0e0e.pdf,corpora/iieg_diverso_2023_2025/md/proveeduria_cluster_de_fundicion_080b0e0e.md,8386f7365b73c21b1aa0657393f011ee86cb98b0b49e26a1138b9403670a67a4,23,listing_55,47,31
proveeduria_cluster_de_electronica_1dee25e1,economia,listing_55,2024-06,Proveeduría del Clúster de Electrónica,https://iieg.gob.mx/ns/?page_id=55,https://iieg.gob.mx/ns/wp-content/uploads/2024/06/Proveeduria-Cluster-de-Electronica.pdf,corpora/iieg_diverso_2023_2025/pdf/proveeduria_cluster_de_electronica_1dee25e1.pdf,corpora/iieg_diverso_2023_2025/md/proveeduria_cluster_de_electronica_1dee25e1.md,e6ac414129f2e450c3e13953e0773f77730b46f3e866aaedd9443c47f497e0a8,27,listing_55,58,41
encuesta_a_restaurantes_2024_20240627_276d7b11,economia,listing_55,2024-06,"Encuesta a restaurantes, mayo 2024",https://iieg.gob.mx/ns/?page_id=55,https://iieg.gob.mx/ns/wp-content/uploads/2024/06/Encuesta-a-restaurantes-2024-20240627.pdf,corpora/iieg_diverso_2023_2025/pdf/encuesta_a_restaurantes_2024_20240627_276d7b11.pdf,corpora/iieg_diverso_2023_2025/md/encuesta_a_restaurantes_2024_20240627_276d7b11.md,0b4a04b2705c8b213bc1504cd8db2ec41bb4bd1aa365c23c96dede87101512f7,41,listing_55,66,65
expectativas_1s_2024_23014fd4,economia,listing_55,2024-03,"Expectativas Económicas del Sector Privado Jalisciense, 2024 1S",https://iieg.gob.mx/ns/?page_id=55,https://iieg.gob.mx/ns/wp-content/uploads/2024/03/Expectativas-1S-2024.pdf,corpora/iieg_diverso_2023_2025/pdf/expectativas_1s_2024_23014fd4.pdf,corpora/iieg_diverso_2023_2025/md/expectativas_1s_2024_23014fd4.md,108615b7962a45ef247c9ca8686d9d83ed5354f85f4d1e499a6d5e99dc3ae9ed,98,listing_55,143,70
encuesta_percepcion_impuestos_2024_20240307_20a7f5f8,economia,listing_55,2024-03,"Encuesta percepción de impuestos, marzo 2024",https://iieg.gob.mx/ns/?page_id=55,https://iieg.gob.mx/ns/wp-content/uploads/2024/03/Encuesta-percepci%C3%B3n-impuestos-2024-20240307.pdf,corpora/iieg_diverso_2023_2025/pdf/encuesta_percepcion_impuestos_2024_20240307_20a7f5f8.pdf,corpora/iieg_diverso_2023_2025/md/encuesta_percepcion_impuestos_2024_20240307_20a7f5f8.md,cec61020a1f30e3d789ddd74cb8e3d0664d62a7a5c9a623428c05a9755cc012b,18,listing_55,21,18
encuesta_inclusion_financiera_2023_0cd14352,economia,listing_55,2023-11,"Encuesta inclusión financiera, 2023",https://iieg.gob.mx/ns/?page_id=55,https://iieg.gob.mx/ns/wp-content/uploads/2023/11/Encuesta-inclusion-financiera-2023.pdf,corpora/iieg_diverso_2023_2025/pdf/encuesta_inclusion_financiera_2023_0cd14352.pdf,corpora/iieg_diverso_2023_2025/md/encuesta_inclusion_financiera_2023_0cd14352.md,0d2fddd76c27083abdc895fafba55932dcac5d5356302c734f2eabdd67e83b84,38,listing_55,54,35
encuesta_a_empresas_de_jalisco_sobre_el_buen_fin_dfed4de8,economia,listing_55,2023-11,"Encuesta a Empresas de Jalisco sobre el Buen Fin, noviembre 2023",https://iieg.gob.mx/ns/?page_id=55,https://iieg.gob.mx/ns/wp-content/uploads/2023/11/Encuesta-a-Empresas-de-Jalisco-sobre-el-Buen-Fin-2023.pdf,corpora/iieg_diverso_2023_2025/pdf/encuesta_a_empresas_de_jalisco_sobre_el_buen_fin_dfed4de8.pdf,corpora/iieg_diverso_2023_2025/md/encuesta_a_empresas_de_jalisco_sobre_el_buen_fin_dfed4de8.md,ccdff91d5721203d0127ad244a387b34f0576bdc639e2d1a523e8b797e05b676,38,listing_55,53,14
radiografia_estadistica_de_la_industria_de_la_ra_37773b38,economia,listing_55,2023-10,"Radiografía Estadística de la Industria de la Raicilla, 2023",https://iieg.gob.mx/ns/?page_id=55,https://iieg.gob.mx/ns/wp-content/uploads/2023/10/Radiografia-Estadistica-de-la-Industria-de-la-Raicilla-2023-20231031.pdf,corpora/iieg_diverso_2023_2025/pdf/radiografia_estadistica_de_la_industria_de_la_ra_37773b38.pdf,corpora/iieg_diverso_2023_2025/md/radiografia_estadistica_de_la_industria_de_la_ra_37773b38.md,497e1446515c0bd02c33601962b662f6e1d3dad14330e704bca61ba6d1ea8583,56,listing_55,95,65
expectativas_2s_2023_5cdf0f50,economia,listing_55,2023-09,"Expectativas Económicas del Sector Privado Jalisciense, 2023 2S",https://iieg.gob.mx/ns/?page_id=55,https://iieg.gob.mx/ns/wp-content/uploads/2023/09/Expectativas-2S-2023.pdf,corpora/iieg_diverso_2023_2025/pdf/expectativas_2s_2023_5cdf0f50.pdf,corpora/iieg_diverso_2023_2025/md/expectativas_2s_2023_5cdf0f50.md,686d9975d5118b2eb42a8018b85690eac4ad62ca4616e3b77dc678aa6db56648,91,listing_55,147,55
encuesta_percepcion_de_la_ola_de_calor_20230727_7eb8f135,economia,listing_55,2023-07,"Encuesta Percepción de la Ola de Calor, 2023",https://iieg.gob.mx/ns/?page_id=55,https://iieg.gob.mx/ns/wp-content/uploads/2023/07/Encuesta-Percepcio%CC%81n-de-la-Ola-de-Calor-20230727.pdf,corpora/iieg_diverso_2023_2025/pdf/encuesta_percepcion_de_la_ola_de_calor_20230727_7eb8f135.pdf,corpora/iieg_diverso_2023_2025/md/encuesta_percepcion_de_la_ola_de_calor_20230727_7eb8f135.md,f57ecfce11eb9fc637c34c488852ad9c948e809549e5335c2503d08510047b49,24,listing_55,39,26
sondeo_embotelladoras_de_agua_2023_20230629_c7159539,economia,listing_55,2023-06,"Sondeo Embotelladoras de Agua, junio 2023",https://iieg.gob.mx/ns/?page_id=55,https://iieg.gob.mx/ns/wp-content/uploads/2023/06/Sondeo-Embotelladoras-de-Agua-2023-20230629.pdf,corpora/iieg_diverso_2023_2025/pdf/sondeo_embotelladoras_de_agua_2023_20230629_c7159539.pdf,corpora/iieg_diverso_2023_2025/md/sondeo_embotelladoras_de_agua_2023_20230629_c7159539.md,f0458609ce9fbacb4a51943861b3672bb789f21dc8ef08ae85f880dae7626c19,20,listing_55,37,34
estudio_de_la_derrama_economica_de_tepabril_2023_b861e2f5,economia,listing_55,2023-06,Estudio de la Derrama Económica de Tepabril 2023,https://iieg.gob.mx/ns/?page_id=55,https://iieg.gob.mx/ns/wp-content/uploads/2023/06/Estudio-de-la-Derrama-Economica-de-Tepabril-2023.pdf,corpora/iieg_diverso_2023_2025/pdf/estudio_de_la_derrama_economica_de_tepabril_2023_b861e2f5.pdf,corpora/iieg_diverso_2023_2025/md/estudio_de_la_derrama_economica_de_tepabril_2023_b861e2f5.md,8c814e2f07d0f9263ae8664dbb8f06757c604169e0bf4fe8f8faf6e156a46c5a,38,listing_55,70,66
encuesta_a_restaurantes_2023_85edd2d7,economia,listing_55,2023-04,"Encuesta a restaurantes, marzo 2023",https://iieg.gob.mx/ns/?page_id=55,https://iieg.gob.mx/ns/wp-content/uploads/2023/04/Encuesta-a-restaurantes-2023.pdf,corpora/iieg_diverso_2023_2025/pdf/encuesta_a_restaurantes_2023_85edd2d7.pdf,corpora/iieg_diverso_2023_2025/md/encuesta_a_restaurantes_2023_85edd2d7.md,665dea1c95b874cb794ad8a659d65a5911553a45a894aa1b8f306426ecc5c4e8,43,listing_55,71,36
expectativas_1s_2023_43f3921a,economia,listing_55,2023-03,"Expectativas Económicas del Sector Privado Jalisciense, 2023 1S",https://iieg.gob.mx/ns/?page_id=55,https://iieg.gob.mx/ns/wp-content/uploads/2023/03/Expectativas-1S-2023.pdf,corpora/iieg_diverso_2023_2025/pdf/expectativas_1s_2023_43f3921a.pdf,corpora/iieg_diverso_2023_2025/md/expectativas_1s_2023_43f3921a.md,aef0e4c09f6fbe321bb5c68afc2907efc896755b6a31ce8f8fac4e71239fe51b,90,listing_55,144,78
encuesta_percepcion_impuestos_2023_20230323_68ca4a2a,economia,listing_55,2023-03,"Encuesta percepción de impuestos, febrero 2023",https://iieg.gob.mx/ns/?page_id=55,https://iieg.gob.mx/ns/wp-content/uploads/2023/03/Encuesta-percepci%C3%B3n-impuestos-2023-20230323.pdf,corpora/iieg_diverso_2023_2025/pdf/encuesta_percepcion_impuestos_2023_20230323_68ca4a2a.pdf,corpora/iieg_diverso_2023_2025/md/encuesta_percepcion_impuestos_2023_20230323_68ca4a2a.md,aeaa0bbddd466b9447c1e99b57f5ab7af99866dcafa494fbaa166ee7b5e6d051,16,listing_55,14,8
denominacion_raicilla_46ab075c,economia,listing_55,2023-02,Denominación Raicilla,https://iieg.gob.mx/ns/?page_id=55,https://iieg.gob.mx/ns/wp-content/uploads/2023/02/Denominacion-Raicilla.pdf,corpora/iieg_diverso_2023_2025/pdf/denominacion_raicilla_46ab075c.pdf,corpora/iieg_diverso_2023_2025/md/denominacion_raicilla_46ab075c.md,6d84012a1be9021ce85cdc0f94b7fa989b533cd971e77929e23a2b07de6c273a,24,listing_55,39,37
aguacaterascambiousosuelonevado2020_8191850d,geografia_ambiente,listing_148,2024-07,Cambio de Uso Suelo (aguacateras) Nevado de Colima 2020.,https://iieg.gob.mx/ns/?page_id=148,https://iieg.gob.mx/ns/wp-content/uploads/2024/07/AguacaterasCambioUsoSueloNevado2020.pdf,corpora/iieg_diverso_2023_2025/pdf/aguacaterascambiousosuelonevado2020_8191850d.pdf,corpora/iieg_diverso_2023_2025/md/aguacaterascambiousosuelonevado2020_8191850d.md,f1271f84001a67160a6f71c2fdae46ce814619b2e059dbec98b39e9dfef0b5e3,16,listing_148,3,3
ficha_mar24_acuiferos_8089fbba,geografia_ambiente,listing_23388,2024-06,Ficha informativa: Concesionarios de aguas subterráneas de Jalisco (CONASJAL) 2024.,https://iieg.gob.mx/ns/?page_id=23388,https://iieg.gob.mx/ns/wp-content/uploads/2024/06/Ficha_mar24_acu%C3%ADferos.pdf,corpora/iieg_diverso_2023_2025/pdf/ficha_mar24_acuiferos_8089fbba.pdf,corpora/iieg_diverso_2023_2025/md/ficha_mar24_acuiferos_8089fbba.md,95298ed15cf46b5e86118e1c25c0fd387fe4249d65d290ebe8199ff5c2ed3063,5,listing_23388,15,15
ficha_informativa_2022_acuiferos_bfc9dad7,geografia_ambiente,listing_23388,2023-03,Ficha informativa: Concesionarios de aguas subterráneas de Jalisco (CONASJAL) 2022.,https://iieg.gob.mx/ns/?page_id=23388,https://iieg.gob.mx/ns/wp-content/uploads/2023/03/Ficha_informativa_2022_acu%C3%ADferos.pdf,corpora/iieg_diverso_2023_2025/pdf/ficha_informativa_2022_acuiferos_bfc9dad7.pdf,corpora/iieg_diverso_2023_2025/md/ficha_informativa_2022_acuiferos_bfc9dad7.md,c8159925a8df7d07bb49fac811248cc55e4bd3b662c0c7335a728601af475dfe,5,listing_23388,15,2
ficha_informativa_cnple_2023_e144773d,gobierno_seguridad,listing_25190,2024-08,Censo Nacional de Poderes Legislativos Estatales – 2023,https://iieg.gob.mx/ns/?page_id=25190,https://iieg.gob.mx/ns/wp-content/uploads/2024/08/Ficha-informativa-CNPLE-2023.pdf,corpora/iieg_diverso_2023_2025/pdf/ficha_informativa_cnple_2023_e144773d.pdf,corpora/iieg_diverso_2023_2025/md/ficha_informativa_cnple_2023_e144773d.md,cea4aecdb37ee5fb0f119fa34a4006992eb3bb0e5f1ae00ebc19065094018929,5,listing_25190,7,7
ficha_incidencia_delictiva_costa_sierra_occident_c447e470,gobierno_seguridad,listing_31143,2025-11,"Incidencia delictiva en la región Costa-Sierra Occidental, noviembre 2024 a octubre 2025",https://iieg.gob.mx/ns/?page_id=31143,https://iieg.gob.mx/ns/wp-content/uploads/2025/11/ficha_incidencia_delictiva_costa_sierra_occidental_jalisco_oct25.pdf,corpora/iieg_diverso_2023_2025/pdf/ficha_incidencia_delictiva_costa_sierra_occident_c447e470.pdf,corpora/iieg_diverso_2023_2025/md/ficha_incidencia_delictiva_costa_sierra_occident_c447e470.md,a6998a6639a7ddb41c28c06ab8c07c30c3a4a5faf3ce71bbfc7e39c1aa6e01a2,14,listing_31143,26,20
ficha_incidencia_delictiva_region_jalisco_altos__90dda13b,gobierno_seguridad,listing_31143,2025-08,"Incidencia delictiva en la región Altos Sur, julio 2024 a junio 2025",https://iieg.gob.mx/ns/?page_id=31143,https://iieg.gob.mx/ns/wp-content/uploads/2025/08/ficha_incidencia_delictiva_region_jalisco_altos_sur_junio_2025.pdf,corpora/iieg_diverso_2023_2025/pdf/ficha_incidencia_delictiva_region_jalisco_altos__90dda13b.pdf,corpora/iieg_diverso_2023_2025/md/ficha_incidencia_delictiva_region_jalisco_altos__90dda13b.md,77a0698327180945513743489bfe61fd73392764b0061d7957e1741c6b76aec4,18,listing_31143,35,19
ficha_incidencia_delicitiva_jalisco_region_valle_1ce40ebc,gobierno_seguridad,listing_31143,2025-05,"Incidencia delictiva en la región Valles, mayo 2024 a abril 2025",https://iieg.gob.mx/ns/?page_id=31143,https://iieg.gob.mx/ns/wp-content/uploads/2025/05/ficha_incidencia_delicitiva_jalisco_region_valles_abril_2025.pdf,corpora/iieg_diverso_2023_2025/pdf/ficha_incidencia_delicitiva_jalisco_region_valle_1ce40ebc.pdf,corpora/iieg_diverso_2023_2025/md/ficha_incidencia_delicitiva_jalisco_region_valle_1ce40ebc.md,0bc9e1fb652fd80ada9020df7960e997c0999a15f967061660eda8eb252006af,18,listing_31143,34,17
incidencia_delictiva_region_norte_enero_diciembr_bf590e78,gobierno_seguridad,listing_31143,2025-02,"Incidencia delictiva en la región Norte, enero 2024 a diciembre 2024",https://iieg.gob.mx/ns/?page_id=31143,https://iieg.gob.mx/ns/wp-content/uploads/2025/02/incidencia_delictiva_region_norte_enero_diciembre_2024.pdf,corpora/iieg_diverso_2023_2025/pdf/incidencia_delictiva_region_norte_enero_diciembr_bf590e78.pdf,corpora/iieg_diverso_2023_2025/md/incidencia_delictiva_region_norte_enero_diciembr_bf590e78.md,ade36ce23bdc81db473c1cf60989ed38219f64364814c0f352352f5a1dd42162,16,listing_31143,29,17
incidencia_costa_sur_sep24_bc759314,gobierno_seguridad,listing_31143,2024-10,"Incidencia delictiva en la región Costa Sur, octubre 2023 a septiembre 2024",https://iieg.gob.mx/ns/?page_id=31143,https://iieg.gob.mx/ns/wp-content/uploads/2024/10/Incidencia_Costa-Sur_sep24.pdf,corpora/iieg_diverso_2023_2025/pdf/incidencia_costa_sur_sep24_bc759314.pdf,corpora/iieg_diverso_2023_2025/md/incidencia_costa_sur_sep24_bc759314.md,37db2973289cfcd2a1da06cde2b63ab4db7afad7ff5fa023ae90ebbfd381cba8,12,listing_31143,22,13
incidencia_altos_sur_jun24_aaed0e6b,gobierno_seguridad,listing_31143,2024-07,"Incidencia delictiva en la región Altos Sur, julio 2023 a junio 2024",https://iieg.gob.mx/ns/?page_id=31143,https://iieg.gob.mx/ns/wp-content/uploads/2024/07/Incidencia_Altos_Sur_jun24.pdf,corpora/iieg_diverso_2023_2025/pdf/incidencia_altos_sur_jun24_aaed0e6b.pdf,corpora/iieg_diverso_2023_2025/md/incidencia_altos_sur_jun24_aaed0e6b.md,8f2555483f40e15f33398c3c771b8145a878b248f4f9049e15bb7901e1e6842f,18,listing_31143,35,17
incidencia_sur_feb24_4f26542a,gobierno_seguridad,listing_31143,2024-03,"Incidencia delictiva en la región Sur, marzo 2023 a febrero 2024",https://iieg.gob.mx/ns/?page_id=31143,https://iieg.gob.mx/ns/wp-content/uploads/2024/03/Incidencia_Sur_feb24.pdf,corpora/iieg_diverso_2023_2025/pdf/incidencia_sur_feb24_4f26542a.pdf,corpora/iieg_diverso_2023_2025/md/incidencia_sur_feb24_4f26542a.md,c698a331610fca38d0a5f364398077c7b0d0125f50be39399e07694b21c11a7f,18,listing_31143,34,19
incidencia_norte_4bb625c8,gobierno_seguridad,listing_31143,2024-01,"Incidencia delictiva en la región Norte, enero a diciembre 2023",https://iieg.gob.mx/ns/?page_id=31143,https://iieg.gob.mx/ns/wp-content/uploads/2024/01/Incidencia_Norte.pdf,corpora/iieg_diverso_2023_2025/pdf/incidencia_norte_4bb625c8.pdf,corpora/iieg_diverso_2023_2025/md/incidencia_norte_4bb625c8.md,11b50e66ed1a2c0a1d45c6c68d5e6a955a44190172ee67b56660a14cd4bf41fb,16,listing_31143,29,15
incidencia_costa_sur_sep23_c556096a,gobierno_seguridad,listing_31143,2023-10,"Incidencia delictiva en la región Costa Sur, octubre 2022 a septiembre 2023",https://iieg.gob.mx/ns/?page_id=31143,https://iieg.gob.mx/ns/wp-content/uploads/2023/10/Incidencia_Costa-Sur_sep23.pdf,corpora/iieg_diverso_2023_2025/pdf/incidencia_costa_sur_sep23_c556096a.pdf,corpora/iieg_diverso_2023_2025/md/incidencia_costa_sur_sep23_c556096a.md,7c70e94fec388093d3ec96963d773f6616ef0fb59a2cee44b0f8447e75954e1c,12,listing_31143,22,8
incidencia_altos_norte_may23_a4e73563,gobierno_seguridad,listing_31143,2023-06,"Incidencia delictiva en la región Altos Norte, junio 2022 a mayo 2023",https://iieg.gob.mx/ns/?page_id=31143,https://iieg.gob.mx/ns/wp-content/uploads/2023/06/Incidencia_Altos_Norte_may23.pdf,corpora/iieg_diverso_2023_2025/pdf/incidencia_altos_norte_may23_a4e73563.pdf,corpora/iieg_diverso_2023_2025/md/incidencia_altos_norte_may23_a4e73563.md,246ea94f67b1db6eccf4e858ea272916ce44b79192abf18bf4120543d9a1bd22,14,listing_31143,26,14
incidencia_sureste_mar23_7efdef55,gobierno_seguridad,listing_31143,2023-04,"Incidencia delictiva en la región Sureste, abril 2022 a marzo 2023",https://iieg.gob.mx/ns/?page_id=31143,https://iieg.gob.mx/ns/wp-content/uploads/2023/04/Incidencia_Sureste_mar23.pdf,corpora/iieg_diverso_2023_2025/pdf/incidencia_sureste_mar23_7efdef55.pdf,corpora/iieg_diverso_2023_2025/md/incidencia_sureste_mar23_7efdef55.md,717cc5b599a24bc5e28737e53a79a6d40789bf4bbbfad3cc69592cde70031b67,16,listing_31143,30,16
incidencia_norte_ene23_1ce4b0e5,gobierno_seguridad,listing_31143,2023-02,"Incidencia delictiva en la región Norte, enero a diciembre 2022",https://iieg.gob.mx/ns/?page_id=31143,https://iieg.gob.mx/ns/wp-content/uploads/2023/02/Incidencia_Norte_ene23.pdf,corpora/iieg_diverso_2023_2025/pdf/incidencia_norte_ene23_1ce4b0e5.pdf,corpora/iieg_diverso_2023_2025/md/incidencia_norte_ene23_1ce4b0e5.md,04267ea815b6823e2edb78396cd93a01cfdd954e195244193eeabe4e0ab12045,16,listing_31143,29,13
ficha_cifra_negra_2024_7e2fab8a,gobierno_seguridad,listing_25219,2024-09,Cifra negra del delito en Jalisco – 2023,https://iieg.gob.mx/ns/?page_id=25219,https://iieg.gob.mx/ns/wp-content/uploads/2024/09/Ficha-Cifra-negra-2024.pdf,corpora/iieg_diverso_2023_2025/pdf/ficha_cifra_negra_2024_7e2fab8a.pdf,corpora/iieg_diverso_2023_2025/md/ficha_cifra_negra_2024_7e2fab8a.md,40b2902556070bd8a4628bb4fa9c08ea57030ffac1db4c03c645a16444fa5e58,4,listing_25219,5,5
ficha_cifra_negra_2023_bfe30505,gobierno_seguridad,listing_25219,2023-09,Cifra negra del delito en Jalisco – 2022,https://iieg.gob.mx/ns/?page_id=25219,https://iieg.gob.mx/ns/wp-content/uploads/2023/09/Ficha-Cifra-negra-2023.pdf,corpora/iieg_diverso_2023_2025/pdf/ficha_cifra_negra_2023_bfe30505.pdf,corpora/iieg_diverso_2023_2025/md/ficha_cifra_negra_2023_bfe30505.md,2af294a6181c93234785c465b4208227826c94605e52347e28699b8ab1a29c45,4,listing_25219,5,2
ruido_marzo_23_49bf5d31,gobierno_seguridad,listing_25224,2023-11,El ruido como una de las principales causas de conflicto entre los ciudadanos del AMG – Mar 2023,https://iieg.gob.mx/ns/?page_id=25224,https://iieg.gob.mx/ns/wp-content/uploads/2023/11/ruido_marzo_23.pdf,corpora/iieg_diverso_2023_2025/pdf/ruido_marzo_23_49bf5d31.pdf,corpora/iieg_diverso_2023_2025/md/ruido_marzo_23_49bf5d31.md,45f04c21fe07229e5a613c2286138133f5e460c5c508764cc34f52876f281b2c,5,listing_25224,9,9
factores_personas_conflicto_864a5801,gobierno_seguridad,listing_33711,2023-06,Factores causales detrás de las personas en conflicto con el sistema penal en el Área Metropolitana de Guadalajara – diciembre 2022,https://iieg.gob.mx/ns/?page_id=33711,https://iieg.gob.mx/ns/wp-content/uploads/2023/06/Factores_personas_conflicto.pdf,corpora/iieg_diverso_2023_2025/pdf/factores_personas_conflicto_864a5801.pdf,corpora/iieg_diverso_2023_2025/md/factores_personas_conflicto_864a5801.md,d9c3a87911f5d76c89edb4b39f68e521677153068a6e29ac4e1201ae457990e5,56,listing_33711,160,160
atencion_a_victimas_3_076c2176,gobierno_seguridad,listing_43383,2024-07,Diagnóstico de las Capacidades Institucionales para la Atención a Víctimas,https://iieg.gob.mx/ns/?page_id=43383,https://iieg.gob.mx/ns/wp-content/uploads/2024/07/atencion-a-victimas-3.pdf,corpora/iieg_diverso_2023_2025/pdf/atencion_a_victimas_3_076c2176.pdf,corpora/iieg_diverso_2023_2025/md/atencion_a_victimas_3_076c2176.md,dfc25d68b7e09b92d32d1748b33eb8aa26f8027230b3b4531507d62ad209f64d,52,listing_43383,108,107
cnpje_2024_c3ccc9a9,gobierno_seguridad,listing_25247,2024-10,Censo Nacional de Procuración de Justicia Estatal – 2024,https://iieg.gob.mx/ns/?page_id=25247,https://iieg.gob.mx/ns/wp-content/uploads/2024/10/CNPJE_2024.pdf,corpora/iieg_diverso_2023_2025/pdf/cnpje_2024_c3ccc9a9.pdf,corpora/iieg_diverso_2023_2025/md/cnpje_2024_c3ccc9a9.md,21d95e8973f9326d5195fe848eabd330e21245b4f4e5c8f9b547f43167c0a43b,18,listing_25247,24,23
cnpje_2023_ee68d3d9,gobierno_seguridad,listing_25247,2023-10,Censo Nacional de Procuración de Justicia Estatal – 2023,https://iieg.gob.mx/ns/?page_id=25247,https://iieg.gob.mx/ns/wp-content/uploads/2023/10/CNPJE_2023.pdf,corpora/iieg_diverso_2023_2025/pdf/cnpje_2023_ee68d3d9.pdf,corpora/iieg_diverso_2023_2025/md/cnpje_2023_ee68d3d9.md,46368e39f9d041474f291be94a5b8b1d144ce0f9058b28386a63892743678063,20,listing_25247,30,29
ficha_quejas_recibidas_cedhj_1er_semestre_2025_d269fc5e,gobierno_seguridad,listing_25256,2025-08,Estadísticas de la Comisión Estatal de Derechos Humanos Jalisco – Acumulado (primer semestre de 2025),https://iieg.gob.mx/ns/?page_id=25256,https://iieg.gob.mx/ns/wp-content/uploads/2025/08/ficha_quejas_recibidas_CEDHJ_1er_semestre_2025.pdf,corpora/iieg_diverso_2023_2025/pdf/ficha_quejas_recibidas_cedhj_1er_semestre_2025_d269fc5e.pdf,corpora/iieg_diverso_2023_2025/md/ficha_quejas_recibidas_cedhj_1er_semestre_2025_d269fc5e.md,7be8275499e3a5726845ef6111c89a57ce3cab60e20d0c032a7e31d593563893,4,listing_25256,6,6
ficha_informativa_quejas_cedhj_jalisco_diciembre_264339c3,gobierno_seguridad,listing_25256,2025-02,Estadísticas de la Comisión Estatal de Derechos Humanos Jalisco – 2020-2024,https://iieg.gob.mx/ns/?page_id=25256,https://iieg.gob.mx/ns/wp-content/uploads/2025/02/ficha_informativa_quejas_CEDHJ_jalisco_diciembre_2024.pdf,corpora/iieg_diverso_2023_2025/pdf/ficha_informativa_quejas_cedhj_jalisco_diciembre_264339c3.pdf,corpora/iieg_diverso_2023_2025/md/ficha_informativa_quejas_cedhj_jalisco_diciembre_264339c3.md,68f82354d8d1a705a219170c8ea264a5da310e530e8862e8288970569be43811,4,listing_25256,7,7
ficha_cedhj_1er_semestre2024_00a6e2d0,gobierno_seguridad,listing_25256,2024-07,Estadísticas de la Comisión Estatal de Derechos Humanos Jalisco – Acumulado (primer semestre de 2024),https://iieg.gob.mx/ns/?page_id=25256,https://iieg.gob.mx/ns/wp-content/uploads/2024/07/Ficha-CEDHJ_1er-semestre2024.pdf,corpora/iieg_diverso_2023_2025/pdf/ficha_cedhj_1er_semestre2024_00a6e2d0.pdf,corpora/iieg_diverso_2023_2025/md/ficha_cedhj_1er_semestre2024_00a6e2d0.md,cff15ea7f0818ebf3fe76df5d552a5db9fd5262f6e92ffd439509a1ab1918d23,4,listing_25256,6,6
ficha_cedhj_1er_semestre2023_4b2a3ec0,gobierno_seguridad,listing_25256,2023-07,Estadísticas de la Comisión Estatal de Derechos Humanos Jalisco – Acumulado (primer semestre de 2023),https://iieg.gob.mx/ns/?page_id=25256,https://iieg.gob.mx/ns/wp-content/uploads/2023/07/Ficha-CEDHJ_1er-semestre2023.pdf,corpora/iieg_diverso_2023_2025/pdf/ficha_cedhj_1er_semestre2023_4b2a3ec0.pdf,corpora/iieg_diverso_2023_2025/md/ficha_cedhj_1er_semestre2023_4b2a3ec0.md,b303571726df7dafe970c43daa18872430044773e3baaa0195404f96c0ccdd9c,4,listing_25256,5,4
quejas_ante_cedhj_2018_diciembre_2022_93e3a934,gobierno_seguridad,listing_25256,2023-01,Estadísticas de la Comisión Estatal de Derechos Humanos Jalisco- 2018-2022,https://iieg.gob.mx/ns/?page_id=25256,https://iieg.gob.mx/ns/wp-content/uploads/2023/01/Quejas-ante-CEDHJ-2018-diciembre-2022.pdf,corpora/iieg_diverso_2023_2025/pdf/quejas_ante_cedhj_2018_diciembre_2022_93e3a934.pdf,corpora/iieg_diverso_2023_2025/md/quejas_ante_cedhj_2018_diciembre_2022_93e3a934.md,4928fd79e539591b58aec8e8a1bce1048450bc5012c278c8c25b4ffe5ba6315c,4,listing_25256,5,5
ficha_censo_nacional_imparticion_justicia_estata_6d5e4c74,gobierno_seguridad,listing_25275,2025-11,Censo Nacional de Impartición de Justicia Estatal – 2025,https://iieg.gob.mx/ns/?page_id=25275,https://iieg.gob.mx/ns/wp-content/uploads/2025/11/ficha_censo_nacional_imparticion_justicia_estatal_jalisco_2025.pdf,corpora/iieg_diverso_2023_2025/pdf/ficha_censo_nacional_imparticion_justicia_estata_6d5e4c74.pdf,corpora/iieg_diverso_2023_2025/md/ficha_censo_nacional_imparticion_justicia_estata_6d5e4c74.md,b6dd76024b0ae122b58fbabdf59896e4ae200690bb8e4f1c6570abd7b03028c1,15,listing_25275,26,26
cnije_ficha_informativa_2024_9eaee024,gobierno_seguridad,listing_25275,2024-12,Censo Nacional de Impartición de Justicia Estatal – 2024,https://iieg.gob.mx/ns/?page_id=25275,https://iieg.gob.mx/ns/wp-content/uploads/2024/12/CNIJE_Ficha_informativa_2024.pdf,corpora/iieg_diverso_2023_2025/pdf/cnije_ficha_informativa_2024_9eaee024.pdf,corpora/iieg_diverso_2023_2025/md/cnije_ficha_informativa_2024_9eaee024.md,d181203353d991ee44ee89cb1a870a4c0866e6b10bababbc89388b928d9ac2e0,15,listing_25275,26,10
cnije_ficha_informativa_2023_d5361be0,gobierno_seguridad,listing_25275,2023-11,Censo Nacional de Impartición de Justicia Estatal – 2023,https://iieg.gob.mx/ns/?page_id=25275,https://iieg.gob.mx/ns/wp-content/uploads/2023/11/CNIJE_Ficha_informativa_2023.pdf,corpora/iieg_diverso_2023_2025/pdf/cnije_ficha_informativa_2023_d5361be0.pdf,corpora/iieg_diverso_2023_2025/md/cnije_ficha_informativa_2023_d5361be0.md,1f4d6f37147a8e1ac591d0c6ce40bcc0de1dc6e13a015ab85577facb43d48650,18,listing_25275,31,21
radiografia_del_area_circundante_al_anillo_perif_979982c1,gobierno_seguridad,listing_36588,2023-06,Radiografía del área circundante al Anillo Periférico Manuel Gómez Morín 2023,https://iieg.gob.mx/ns/?page_id=36588,https://iieg.gob.mx/ns/wp-content/uploads/2023/06/Radiograf%C3%ADa-del-%C3%A1rea-circundante-al-Anillo-Perif%C3%A9rico-Manuel-G%C3%B3mez-Mor%C3%ADn-2023.pdf,corpora/iieg_diverso_2023_2025/pdf/radiografia_del_area_circundante_al_anillo_perif_979982c1.pdf,corpora/iieg_diverso_2023_2025/md/radiografia_del_area_circundante_al_anillo_perif_979982c1.md,4533081bef2089879e874f1d34ca1aea9f24e53db10775ee3dc6742d81aa9d0d,84,listing_36588,40,40
ficha_accidentes_transito_terrestre_jalisco_2010_ad43c9cd,gobierno_seguridad,listing_25280,2025-08,"Accidentes de tránsito terrestre en Jalisco, 2010-2024",https://iieg.gob.mx/ns/?page_id=25280,https://iieg.gob.mx/ns/wp-content/uploads/2025/08/ficha_accidentes_transito_terrestre_jalisco_2010_2024.pdf,corpora/iieg_diverso_2023_2025/pdf/ficha_accidentes_transito_terrestre_jalisco_2010_ad43c9cd.pdf,corpora/iieg_diverso_2023_2025/md/ficha_accidentes_transito_terrestre_jalisco_2010_ad43c9cd.md,0cfb27fde4c4c5997852f1280c9b0c43e0ef82c20ac25b78c39669470bf2eb6a,4,listing_25280,6,6
ficha_informativa_accidentes_de_transito_por_cla_8a89fe45,gobierno_seguridad,listing_25280,2024-07,Accidentes de tránsito por clase de accidente y año de ocurrencia – 2010-2023,https://iieg.gob.mx/ns/?page_id=25280,https://iieg.gob.mx/ns/wp-content/uploads/2024/07/Ficha-Informativa_Accidentes-de-tr%C3%A1nsito-por-clase-de-accidente-2010-2023.pdf,corpora/iieg_diverso_2023_2025/pdf/ficha_informativa_accidentes_de_transito_por_cla_8a89fe45.pdf,corpora/iieg_diverso_2023_2025/md/ficha_informativa_accidentes_de_transito_por_cla_8a89fe45.md,650e5e04e338cac32ca866e28c832b83a81b27c9bf127a77d7d0f100e57cb123,4,listing_25280,6,3
ficha_informativa_accidentes_transito_2010_2022_23003b75,gobierno_seguridad,listing_25280,2023-07,Accidentes de tránsito por clase de accidente y año de ocurrencia – 2010-2022,https://iieg.gob.mx/ns/?page_id=25280,https://iieg.gob.mx/ns/wp-content/uploads/2023/07/Ficha_Informativa_Accidentes_tr%C3%A1nsito_2010_2022.pdf,corpora/iieg_diverso_2023_2025/pdf/ficha_informativa_accidentes_transito_2010_2022_23003b75.pdf,corpora/iieg_diverso_2023_2025/md/ficha_informativa_accidentes_transito_2010_2022_23003b75.md,cd26680952750348a0986fd5dd03c762bf54ca445df40d0a5b0d63d7da73023f,4,listing_25280,6,5
