id,area,reason
padronlistadosociof_5c4d4e09,sociedad,fewer than 3 useful passages
comparativoembarazoadolescentejaliscovsnacional2_4ac65a35,sociedad,too little extractable text
presidentesmunicipalescoaliciones2nov24_18f09a63,geografia_ambiente,too little extractable text
oneatlas_1c28edb8,geografia_ambiente,PDF exceeds 30 MB download limit
mapa_incendio_primavera_jalisco_iieg_2023_84b68346,geografia_ambiente,PDF exceeds 30 MB download limit
indice_sequia_nddi_jalisco_2024_cba06b1c,geografia_ambiente,too little extractable text
indice_sequia_nddi_agricola_jalisco_2024_5ca7b83f,geografia_ambiente,too little extractable text
sequiahistorico2023a_804900ee,geografia_ambiente,PDF exceeds 30 MB download limit
sequia_agricultura_2023_0919c523,geografia_ambiente,fewer than 3 useful passages
sequia_2023_a1b4c858,geografia_ambiente,fewer than 3 useful passages
sequia_2022_2511fada,geografia_ambiente,fewer than 3 useful passages
sequia_agricultura_2022_917335c5,geografia_ambiente,fewer than 3 useful passages
catalogo_de_productos_y_servicios_2024_costos_1_15bd1015,geografia_ambiente,fewer than 3 useful passages
ficha_tasa_desocupacion_jalisco_septiembre_2025_bf511486,economia,all passages duplicate other documents
ficha_actividad_economica_itaee_jalisco_2do_trim_e044fe3d,economia,all passages duplicate other documents
ficha_informativa_precio_gasolina_en_abril_2023__124ccf84,economia,all passages duplicate other documents
